,_step,loss
0,0,1.6243453636632417
1,1,-0.6117564136500754
2,2,-0.5281717522634557
3,3,-1.0729686221561705
4,4,0.8654076293246785
5,5,-2.3015386968802827
6,6,1.74481176421648
7,7,-0.7612069008951028
8,8,0.31903909605709857
9,9,-0.2493703754774101
10,10,1.462107937044974
11,11,-2.060140709497654
12,12,-0.3224172040135075
13,13,-0.38405435466841564
